Year, Month, Monthly_MSL, Linear_Trend, High_Conf., Low_Conf.
1,-0.094,-0.189,-0.18,-0.198,
2,-0.131,-0.189,-0.18,-0.197,
3,-0.219,-0.188,-0.18,-0.197,
4,-0.185,-0.188,-0.179,-0.197,
5,-0.118,-0.188,-0.179,-0.197,
6,-0.16,-0.188,-0.179,-0.196,
7,-0.164,-0.187,-0.179,-0.196,
8,-0.222,-0.187,-0.178,-0.196,
9,-0.186,-0.187,-0.178,-0.196,
10,-0.209,-0.187,-0.178,-0.195,
11,-0.145,-0.186,-0.178,-0.195,
12,-0.168,-0.186,-0.178,-0.195,
1,-0.253,-0.186,-0.177,-0.195,
2,-0.222,-0.186,-0.177,-0.194,
3,-0.192,-0.185,-0.177,-0.194,
4,-0.188,-0.185,-0.177,-0.194,
5,-0.206,-0.185,-0.176,-0.194,
6,-0.191,-0.185,-0.176,-0.193,
7,-0.171,-0.184,-0.176,-0.193,
8,-0.174,-0.184,-0.176,-0.193,
9,-0.183,-0.184,-0.175,-0.193,
10,-0.182,-0.184,-0.175,-0.192,
11,-0.167,-0.184,-0.175,-0.192,
12,-0.189,-0.183,-0.175,-0.192,
1,-0.137,-0.183,-0.175,-0.192,
2,-0.189,-0.183,-0.174,-0.191,
3,-0.21,-0.183,-0.174,-0.191,
4,-0.194,-0.182,-0.174,-0.191,
5,-0.206,-0.182,-0.174,-0.19,
6,-0.181,-0.182,-0.173,-0.19,
7,-0.219,-0.182,-0.173,-0.19,
8,-0.232,-0.181,-0.173,-0.19,
9,-0.244,-0.181,-0.173,-0.189,
10,-0.218,-0.181,-0.172,-0.189,
11,-0.154,-0.181,-0.172,-0.189,
12,-0.186,-0.18,-0.172,-0.189,
1,-0.256,-0.18,-0.172,-0.188,
2,-0.143,-0.18,-0.171,-0.188,
3,-0.063,-0.18,-0.171,-0.188,
4,-0.167,-0.179,-0.171,-0.188,
5,-0.154,-0.179,-0.171,-0.187,
6,-0.194,-0.179,-0.171,-0.187,
7,-0.213,-0.179,-0.17,-0.187,
8,-0.186,-0.178,-0.17,-0.187,
9,-0.201,-0.178,-0.17,-0.186,
10,-0.209,-0.178,-0.17,-0.186,
11,-0.215,-0.178,-0.169,-0.186,
12,-0.278,-0.177,-0.169,-0.186,
1,-0.189,-0.177,-0.169,-0.185,
2,-0.231,-0.177,-0.169,-0.185,
3,-0.262,-0.177,-0.168,-0.185,
4,-0.219,-0.176,-0.168,-0.185,
5,-0.203,-0.176,-0.168,-0.184,
6,-0.218,-0.176,-0.168,-0.184,
7,-0.204,-0.176,-0.167,-0.184,
8,-0.204,-0.175,-0.167,-0.184,
9,-0.183,-0.175,-0.167,-0.183,
10,-0.221,-0.175,-0.167,-0.183,
11,-0.231,-0.175,-0.167,-0.183,
12,-0.196,-0.174,-0.166,-0.183,
1,-0.25,-0.174,-0.166,-0.182,
2,-0.11,-0.174,-0.166,-0.182,
3,-0.256,-0.174,-0.166,-0.182,
4,-0.231,-0.173,-0.165,-0.182,
5,-0.212,-0.173,-0.165,-0.181,
6,-0.23,-0.173,-0.165,-0.181,
7,-0.195,-0.173,-0.165,-0.181,
8,-0.167,-0.172,-0.164,-0.181,
9,-0.192,-0.172,-0.164,-0.18,
10,-0.172,-0.172,-0.164,-0.18,
11,-0.246,-0.172,-0.164,-0.18,
12,-0.171,-0.172,-0.163,-0.18,
1,-0.21,-0.171,-0.163,-0.179,
2,-0.103,-0.171,-0.163,-0.179,
3,-0.188,-0.171,-0.163,-0.179,
4,-0.206,-0.171,-0.163,-0.179,
5,-0.17,-0.17,-0.162,-0.178,
6,-0.175,-0.17,-0.162,-0.178,
7,-0.195,-0.17,-0.162,-0.178,
8,-0.171,-0.17,-0.162,-0.177,
9,-0.18,-0.169,-0.161,-0.177,
10,-0.169,-0.169,-0.161,-0.177,
11,-0.17,-0.169,-0.161,-0.177,
12,-0.098,-0.169,-0.161,-0.176,
1,-0.207,-0.168,-0.16,-0.176,
2,-0.238,-0.168,-0.16,-0.176,
3,-0.198,-0.168,-0.16,-0.176,
4,-0.249,-0.168,-0.16,-0.175,
5,-0.173,-0.167,-0.16,-0.175,
6,-0.175,-0.167,-0.159,-0.175,
7,-0.174,-0.167,-0.159,-0.175,
8,-0.161,-0.167,-0.159,-0.174,
9,-0.155,-0.166,-0.159,-0.174,
10,-0.221,-0.166,-0.158,-0.174,
11,-0.212,-0.166,-0.158,-0.174,
12,-0.244,-0.166,-0.158,-0.173,
1,-0.271,-0.165,-0.158,-0.173,
2,-0.161,-0.165,-0.157,-0.173,
3,-0.164,-0.165,-0.157,-0.173,
4,-0.094,-0.165,-0.157,-0.172,
5,-0.258,-0.164,-0.157,-0.172,
6,-0.16,-0.164,-0.156,-0.172,
7,-0.21,-0.164,-0.156,-0.172,
8,-0.189,-0.164,-0.156,-0.171,
9,-0.177,-0.163,-0.156,-0.171,
10,-0.221,-0.163,-0.156,-0.171,
11,-0.212,-0.163,-0.155,-0.171,
12,-0.196,-0.163,-0.155,-0.17,
1,-0.222,-0.162,-0.155,-0.17,
2,-0.207,-0.162,-0.155,-0.17,
3,-0.219,-0.162,-0.154,-0.17,
4,-0.258,-0.162,-0.154,-0.169,
5,-0.212,-0.161,-0.154,-0.169,
6,-0.246,-0.161,-0.154,-0.169,
7,-0.18,-0.161,-0.153,-0.169,
8,-0.171,-0.161,-0.153,-0.168,
9,-0.167,-0.161,-0.153,-0.168,
10,-0.096,-0.16,-0.153,-0.168,
11,-0.237,-0.16,-0.152,-0.168,
12,-0.153,-0.16,-0.152,-0.167,
1,-0.149,-0.16,-0.152,-0.167,
2,-0.161,-0.159,-0.152,-0.167,
3,-0.021,-0.159,-0.152,-0.167,
4,-0.185,-0.159,-0.151,-0.166,
5,-0.173,-0.159,-0.151,-0.166,
6,-0.102,-0.158,-0.151,-0.166,
7,-0.128,-0.158,-0.151,-0.166,
8,-0.131,-0.158,-0.15,-0.165,
9,-0.137,-0.158,-0.15,-0.165,
10,-0.157,-0.157,-0.15,-0.165,
11,-0.237,-0.157,-0.15,-0.164,
12,-0.183,-0.157,-0.149,-0.164,
1,-0.119,-0.157,-0.149,-0.164,
2,-0.103,-0.156,-0.149,-0.164,
3,-0.121,-0.156,-0.149,-0.163,
4,-0.176,-0.156,-0.148,-0.163,
5,-0.234,-0.156,-0.148,-0.163,
6,-0.178,-0.155,-0.148,-0.163,
7,-0.149,-0.155,-0.148,-0.162,
8,-0.174,-0.155,-0.148,-0.162,
9,-0.134,-0.155,-0.147,-0.162,
10,-0.194,-0.154,-0.147,-0.162,
11,-0.109,-0.154,-0.147,-0.161,
12,-0.159,-0.154,-0.147,-0.161,
1,-0.052,-0.154,-0.146,-0.161,
2,-0.161,-0.153,-0.146,-0.161,
3,-0.121,-0.153,-0.146,-0.16,
4,-0.115,-0.153,-0.146,-0.16,
5,-0.133,-0.153,-0.145,-0.16,
6,-0.121,-0.152,-0.145,-0.16,
7,-0.128,-0.152,-0.145,-0.159,
8,-0.131,-0.152,-0.145,-0.159,
9,-0.094,-0.152,-0.144,-0.159,
10,-0.151,-0.151,-0.144,-0.159,
11,-0.173,-0.151,-0.144,-0.158,
12,-0.165,-0.151,-0.144,-0.158,
1,-0.174,-0.151,-0.144,-0.158,
2,-0.228,-0.15,-0.143,-0.158,
3,-0.268,-0.15,-0.143,-0.157,
4,-0.164,-0.15,-0.143,-0.157,
5,-0.231,-0.15,-0.143,-0.157,
6,-0.142,-0.149,-0.142,-0.157,
7,-0.164,-0.149,-0.142,-0.156,
8,-0.195,-0.149,-0.142,-0.156,
9,-0.152,-0.149,-0.142,-0.156,
10,-0.127,-0.149,-0.141,-0.156,
11,-0.206,-0.148,-0.141,-0.155,
12,-0.177,-0.148,-0.141,-0.155,
1,-0.137,-0.148,-0.141,-0.155,
2,-0.204,-0.148,-0.14,-0.155,
3,-0.179,-0.147,-0.14,-0.154,
4,-0.084,-0.147,-0.14,-0.154,
5,-0.176,-0.147,-0.14,-0.154,
6,-0.127,-0.147,-0.14,-0.154,
7,-0.158,-0.146,-0.139,-0.153,
8,-0.143,-0.146,-0.139,-0.153,
9,-0.171,-0.146,-0.139,-0.153,
10,-0.203,-0.146,-0.139,-0.153,
11,-0.066,-0.145,-0.138,-0.152,
12,-0.101,-0.145,-0.138,-0.152,
1,-0.113,-0.145,-0.138,-0.152,
2,-0.143,-0.145,-0.138,-0.152,
3,-0.121,-0.144,-0.137,-0.151,
4,-0.173,-0.144,-0.137,-0.151,
5,-0.191,-0.144,-0.137,-0.151,
6,-0.169,-0.144,-0.137,-0.151,
7,-0.11,-0.143,-0.136,-0.15,
8,-0.171,-0.143,-0.136,-0.15,
9,-0.158,-0.143,-0.136,-0.15,
10,-0.172,-0.143,-0.136,-0.149,
11,-0.203,-0.142,-0.136,-0.149,
12,-0.229,-0.142,-0.135,-0.149,
1,-0.204,-0.142,-0.135,-0.149,
2,-0.039,-0.142,-0.135,-0.148,
3,-0.179,-0.141,-0.135,-0.148,
4,-0.133,-0.141,-0.134,-0.148,
5,-0.115,-0.141,-0.134,-0.148,
6,-0.139,-0.141,-0.134,-0.147,
7,-0.11,-0.14,-0.134,-0.147,
8,-0.164,-0.14,-0.133,-0.147,
9,-0.134,-0.14,-0.133,-0.147,
10,-0.151,-0.14,-0.133,-0.146,
11,-0.136,-0.139,-0.133,-0.146,
12,-0.119,-0.139,-0.132,-0.146,
1,-0.079,-0.139,-0.132,-0.146,
2,-0.119,-0.139,-0.132,-0.145,
3,-0.1,-0.138,-0.132,-0.145,
4,-0.164,-0.138,-0.132,-0.145,
5,-0.112,-0.138,-0.131,-0.145,
6,-0.157,-0.138,-0.131,-0.144,
7,-0.152,-0.138,-0.131,-0.144,
8,-0.113,-0.137,-0.131,-0.144,
9,-0.143,-0.137,-0.13,-0.144,
10,-0.084,-0.137,-0.13,-0.143,
11,-0.157,-0.137,-0.13,-0.143,
12,-0.113,-0.136,-0.13,-0.143,
1,-0.125,-0.136,-0.129,-0.143,
2,-0.161,-0.136,-0.129,-0.142,
3,-0.137,-0.136,-0.129,-0.142,
4,-0.121,-0.135,-0.129,-0.142,
5,-0.099,-0.135,-0.128,-0.142,
6,-0.102,-0.135,-0.128,-0.141,
7,-0.116,-0.135,-0.128,-0.141,
8,-0.113,-0.134,-0.128,-0.141,
9,-0.107,-0.134,-0.128,-0.141,
10,-0.127,-0.134,-0.127,-0.14,
11,-0.139,-0.134,-0.127,-0.14,
12,-0.089,-0.133,-0.127,-0.14,
1,-0.131,-0.133,-0.127,-0.14,
2,-0.018,-0.133,-0.126,-0.139,
3,-0.137,-0.133,-0.126,-0.139,
4,-0.115,-0.132,-0.126,-0.139,
5,-0.063,-0.132,-0.126,-0.139,
6,-0.099,-0.132,-0.125,-0.138,
7,-0.131,-0.132,-0.125,-0.138,
8,-0.161,-0.131,-0.125,-0.138,
9,-0.134,-0.131,-0.125,-0.138,
10,-0.133,-0.131,-0.124,-0.137,
11,-0.154,-0.131,-0.124,-0.137,
12,-0.116,-0.13,-0.124,-0.137,
1,-0.061,-0.13,-0.124,-0.137,
2,-0.1,-0.13,-0.124,-0.136,
3,-0.118,-0.13,-0.123,-0.136,
4,-0.121,-0.129,-0.123,-0.136,
5,-0.09,-0.129,-0.123,-0.136,
6,-0.093,-0.129,-0.123,-0.135,
7,-0.11,-0.129,-0.122,-0.135,
8,-0.097,-0.128,-0.122,-0.135,
9,-0.119,-0.128,-0.122,-0.135,
10,-0.145,-0.128,-0.122,-0.134,
11,-0.142,-0.128,-0.121,-0.134,
12,-0.107,-0.127,-0.121,-0.134,
1,-0.131,-0.127,-0.121,-0.134,
2,-0.067,-0.127,-0.121,-0.133,
3,-0.063,-0.127,-0.12,-0.133,
4,-0.097,-0.126,-0.12,-0.133,
5,-0.109,-0.126,-0.12,-0.132,
6,-0.084,-0.126,-0.12,-0.132,
7,-0.103,-0.126,-0.12,-0.132,
8,-0.097,-0.126,-0.119,-0.132,
9,-0.064,-0.125,-0.119,-0.131,
10,-0.111,-0.125,-0.119,-0.131,
11,-0.099,-0.125,-0.119,-0.131,
12,-0.113,-0.125,-0.118,-0.131,
1,-0.134,-0.124,-0.118,-0.13,
2,-0.113,-0.124,-0.118,-0.13,
3,-0.179,-0.124,-0.118,-0.13,
4,-0.145,-0.124,-0.117,-0.13,
5,-0.148,-0.123,-0.117,-0.129,
6,-0.114,-0.123,-0.117,-0.129,
7,-0.1,-0.123,-0.117,-0.129,
8,-0.082,-0.123,-0.116,-0.129,
9,-0.088,-0.122,-0.116,-0.128,
10,-0.023,-0.122,-0.116,-0.128,
11,-0.066,-0.122,-0.116,-0.128,
12,-0.177,-0.122,-0.116,-0.128,
1,-0.109,-0.121,-0.115,-0.127,
2,-0.137,-0.121,-0.115,-0.127,
3,-0.155,-0.121,-0.115,-0.127,
4,-0.127,-0.121,-0.115,-0.127,
5,-0.151,-0.12,-0.114,-0.126,
6,-0.078,-0.12,-0.114,-0.126,
7,-0.091,-0.12,-0.114,-0.126,
8,-0.094,-0.12,-0.114,-0.126,
9,-0.097,-0.119,-0.113,-0.125,
10,-0.102,-0.119,-0.113,-0.125,
11,0.041,-0.119,-0.113,-0.125,
12,-0.122,-0.119,-0.113,-0.125,
1,-0.064,-0.118,-0.112,-0.124,
2,-0.079,-0.118,-0.112,-0.124,
3,-0.042,-0.118,-0.112,-0.124,
4,-0.084,-0.118,-0.112,-0.124,
5,-0.017,-0.117,-0.112,-0.123,
6,-0.047,-0.117,-0.111,-0.123,
7,-0.082,-0.117,-0.111,-0.123,
8,-0.076,-0.117,-0.111,-0.123,
9,-0.085,-0.116,-0.111,-0.122,
10,-0.084,-0.116,-0.11,-0.122,
11,0.016,-0.116,-0.11,-0.122,
12,0.045,-0.116,-0.11,-0.122,
1,-0.085,-0.115,-0.11,-0.121,
2,-0.067,-0.115,-0.109,-0.121,
3,-0.076,-0.115,-0.109,-0.121,
4,-0.048,-0.115,-0.109,-0.121,
5,-0.081,-0.115,-0.109,-0.12,
6,-0.114,-0.114,-0.108,-0.12,
7,-0.113,-0.114,-0.108,-0.12,
8,-0.043,-0.114,-0.108,-0.12,
9,-0.088,-0.114,-0.108,-0.119,
10,-0.09,-0.113,-0.107,-0.119,
11,-0.087,-0.113,-0.107,-0.119,
12,-0.104,-0.113,-0.107,-0.119,
1,-0.106,-0.113,-0.107,-0.118,
2,-0.03,-0.112,-0.107,-0.118,
3,-0.009,-0.112,-0.106,-0.118,
4,-0.121,-0.112,-0.106,-0.118,
5,-0.069,-0.112,-0.106,-0.117,
6,-0.053,-0.111,-0.106,-0.117,
7,-0.073,-0.111,-0.105,-0.117,
8,-0.091,-0.111,-0.105,-0.117,
9,-0.1,-0.111,-0.105,-0.116,
10,-0.139,-0.11,-0.105,-0.116,
11,0.022,-0.11,-0.104,-0.116,
12,-0.107,-0.11,-0.104,-0.116,
1,-0.088,-0.11,-0.104,-0.115,
2,-0.091,-0.109,-0.104,-0.115,
3,-0.082,-0.109,-0.103,-0.115,
4,-0.121,-0.109,-0.103,-0.115,
5,-0.042,-0.109,-0.103,-0.114,
6,-0.035,-0.108,-0.103,-0.114,
7,-0.027,-0.108,-0.103,-0.114,
8,-0.073,-0.108,-0.102,-0.114,
9,-0.085,-0.108,-0.102,-0.113,
10,-0.032,-0.107,-0.102,-0.113,
11,-0.072,-0.107,-0.102,-0.113,
12,-0.016,-0.107,-0.101,-0.113,
1,-0.076,-0.107,-0.101,-0.112,
2,-0.1,-0.106,-0.101,-0.112,
3,-0.121,-0.106,-0.101,-0.112,
4,-0.087,-0.106,-0.1,-0.112,
5,-0.103,-0.106,-0.1,-0.111,
6,-0.154,-0.105,-0.1,-0.111,
7,-0.107,-0.105,-0.1,-0.111,
8,-0.079,-0.105,-0.099,-0.11,
9,-0.131,-0.105,-0.099,-0.11,
10,-0.127,-0.104,-0.099,-0.11,
11,-0.069,-0.104,-0.099,-0.11,
12,-0.202,-0.104,-0.098,-0.109,
1,-0.161,-0.104,-0.098,-0.109,
2,-0.11,-0.103,-0.098,-0.109,
3,-0.204,-0.103,-0.098,-0.109,
4,-0.13,-0.103,-0.098,-0.108,
5,-0.2,-0.103,-0.097,-0.108,
6,-0.172,-0.103,-0.097,-0.108,
7,-0.125,-0.102,-0.097,-0.108,
8,-0.11,-0.102,-0.097,-0.107,
9,-0.049,-0.102,-0.096,-0.107,
10,-0.093,-0.102,-0.096,-0.107,
11,-0.008,-0.101,-0.096,-0.107,
12,-0.019,-0.101,-0.096,-0.106,
1,-0.067,-0.101,-0.095,-0.106,
2,-0.085,-0.101,-0.095,-0.106,
3,0.014,-0.1,-0.095,-0.106,
4,-0.063,-0.1,-0.095,-0.105,
5,-0.014,-0.1,-0.094,-0.105,
6,-0.041,-0.1,-0.094,-0.105,
7,-0.082,-0.099,-0.094,-0.105,
8,-0.064,-0.099,-0.094,-0.104,
9,-0.079,-0.099,-0.093,-0.104,
10,-0.069,-0.099,-0.093,-0.104,
11,-0.066,-0.098,-0.093,-0.104,
12,-0.092,-0.098,-0.093,-0.103,
1,-0.058,-0.098,-0.093,-0.103,
2,-0.006,-0.098,-0.092,-0.103,
3,-0.03,-0.097,-0.092,-0.103,
4,-0.091,-0.097,-0.092,-0.102,
5,-0.005,-0.097,-0.092,-0.102,
6,-0.09,-0.097,-0.091,-0.102,
7,-0.119,-0.096,-0.091,-0.102,
8,-0.122,-0.096,-0.091,-0.101,
9,-0.103,-0.096,-0.091,-0.101,
10,-0.148,-0.096,-0.09,-0.101,
11,-0.096,-0.095,-0.09,-0.101,
12,-0.028,-0.095,-0.09,-0.1,
1,-0.0,-0.095,-0.09,-0.1,
2,-0.103,-0.095,-0.089,-0.1,
3,-0.054,-0.094,-0.089,-0.1,
4,-0.039,-0.094,-0.089,-0.099,
5,-0.035,-0.094,-0.089,-0.099,
6,-0.102,-0.094,-0.088,-0.099,
7,-0.107,-0.093,-0.088,-0.099,
8,-0.085,-0.093,-0.088,-0.098,
9,-0.113,-0.093,-0.088,-0.098,
10,-0.093,-0.093,-0.088,-0.098,
11,-0.072,-0.092,-0.087,-0.098,
12,-0.107,-0.092,-0.087,-0.097,
1,-0.052,-0.092,-0.087,-0.097,
2,-0.03,-0.092,-0.087,-0.097,
3,-0.076,-0.092,-0.086,-0.097,
4,-0.17,-0.091,-0.086,-0.096,
5,-0.048,-0.091,-0.086,-0.096,
6,-0.069,-0.091,-0.086,-0.096,
7,-0.091,-0.091,-0.085,-0.096,
8,-0.079,-0.09,-0.085,-0.095,
9,-0.088,-0.09,-0.085,-0.095,
10,-0.063,-0.09,-0.085,-0.095,
11,-0.084,-0.09,-0.084,-0.095,
12,-0.074,-0.089,-0.084,-0.094,
1,-0.012,-0.089,-0.084,-0.094,
2,-0.113,-0.089,-0.084,-0.094,
3,-0.106,-0.089,-0.083,-0.094,
4,-0.005,-0.088,-0.083,-0.093,
5,-0.069,-0.088,-0.083,-0.093,
6,-0.057,-0.088,-0.083,-0.093,
7,-0.103,-0.088,-0.083,-0.093,
8,-0.049,-0.087,-0.082,-0.092,
9,-0.131,-0.087,-0.082,-0.092,
10,-0.044,-0.087,-0.082,-0.092,
11,-0.045,-0.087,-0.082,-0.092,
12,-0.153,-0.086,-0.081,-0.091,
1,0.022,-0.086,-0.081,-0.091,
2,-0.103,-0.086,-0.081,-0.091,
3,-0.042,-0.086,-0.081,-0.091,
4,-0.063,-0.085,-0.08,-0.09,
5,-0.139,-0.085,-0.08,-0.09,
6,-0.084,-0.085,-0.08,-0.09,
7,-0.082,-0.085,-0.08,-0.09,
8,-0.046,-0.084,-0.079,-0.089,
9,-0.064,-0.084,-0.079,-0.089,
10,-0.108,-0.084,-0.079,-0.089,
11,-0.075,-0.084,-0.079,-0.089,
12,-0.071,-0.083,-0.078,-0.088,
1,-0.155,-0.083,-0.078,-0.088,
2,-0.113,-0.083,-0.078,-0.088,
3,-0.051,-0.083,-0.078,-0.088,
4,-0.167,-0.082,-0.078,-0.087,
5,-0.09,-0.082,-0.077,-0.087,
6,-0.111,-0.082,-0.077,-0.087,
7,-0.082,-0.082,-0.077,-0.087,
8,-0.116,-0.081,-0.077,-0.086,
9,-0.134,-0.081,-0.076,-0.086,
10,-0.087,-0.081,-0.076,-0.086,
11,-0.075,-0.081,-0.076,-0.086,
12,-0.119,-0.08,-0.076,-0.085,
1,0.055,-0.08,-0.075,-0.085,
2,0.018,-0.08,-0.075,-0.085,
3,0.117,-0.08,-0.075,-0.085,
4,0.025,-0.08,-0.075,-0.084,
5,-0.093,-0.079,-0.074,-0.084,
6,-0.096,-0.079,-0.074,-0.084,
7,-0.073,-0.079,-0.074,-0.084,
8,-0.091,-0.079,-0.074,-0.083,
9,-0.061,-0.078,-0.073,-0.083,
10,-0.047,-0.078,-0.073,-0.083,
11,-0.081,-0.078,-0.073,-0.083,
12,-0.125,-0.078,-0.073,-0.082,
1,-0.097,-0.077,-0.072,-0.082,
2,-0.167,-0.077,-0.072,-0.082,
3,-0.115,-0.077,-0.072,-0.082,
4,-0.094,-0.077,-0.072,-0.081,
5,-0.148,-0.076,-0.072,-0.081,
6,-0.096,-0.076,-0.071,-0.081,
7,-0.167,-0.076,-0.071,-0.081,
8,-0.082,-0.076,-0.071,-0.08,
9,-0.097,-0.075,-0.071,-0.08,
10,-0.072,-0.075,-0.07,-0.08,
11,-0.121,-0.075,-0.07,-0.08,
12,-0.058,-0.075,-0.07,-0.079,
1,-0.009,-0.074,-0.07,-0.079,
2,0.064,-0.074,-0.069,-0.079,
3,0.014,-0.074,-0.069,-0.079,
4,-0.048,-0.074,-0.069,-0.078,
5,-0.011,-0.073,-0.069,-0.078,
6,-0.023,-0.073,-0.068,-0.078,
7,-0.046,-0.073,-0.068,-0.078,
8,-0.039,-0.073,-0.068,-0.077,
9,-0.052,-0.072,-0.068,-0.077,
10,-0.044,-0.072,-0.067,-0.077,
11,-0.081,-0.072,-0.067,-0.077,
12,-0.089,-0.072,-0.067,-0.076,
1,-0.07,-0.071,-0.067,-0.076,
2,-0.03,-0.071,-0.066,-0.076,
3,0.005,-0.071,-0.066,-0.076,
4,0.068,-0.071,-0.066,-0.075,
5,-0.042,-0.07,-0.066,-0.075,
6,-0.09,-0.07,-0.066,-0.075,
7,-0.055,-0.07,-0.065,-0.075,
8,-0.091,-0.07,-0.065,-0.074,
9,-0.061,-0.069,-0.065,-0.074,
10,-0.011,-0.069,-0.065,-0.074,
11,-0.02,-0.069,-0.064,-0.074,
12,-0.031,-0.069,-0.064,-0.073,
1,-0.152,-0.069,-0.064,-0.073,
2,-0.067,-0.068,-0.064,-0.073,
3,0.032,-0.068,-0.063,-0.073,
4,-0.097,-0.068,-0.063,-0.072,
5,-0.075,-0.068,-0.063,-0.072,
6,-0.078,-0.067,-0.063,-0.072,
7,-0.055,-0.067,-0.062,-0.072,
8,-0.061,-0.067,-0.062,-0.071,
9,-0.049,-0.067,-0.062,-0.071,
10,-0.023,-0.066,-0.062,-0.071,
11,-0.039,-0.066,-0.061,-0.071,
12,-0.025,-0.066,-0.061,-0.07,
1,-0.076,-0.066,-0.061,-0.07,
2,-0.149,-0.065,-0.061,-0.07,
3,-0.079,-0.065,-0.06,-0.07,
4,-0.072,-0.065,-0.06,-0.069,
5,-0.115,-0.065,-0.06,-0.069,
6,-0.102,-0.064,-0.06,-0.069,
7,-0.064,-0.064,-0.06,-0.069,
8,-0.082,-0.064,-0.059,-0.068,
9,-0.061,-0.064,-0.059,-0.068,
10,-0.087,-0.063,-0.059,-0.068,
11,0.025,-0.063,-0.059,-0.068,
12,-0.098,-0.063,-0.058,-0.067,
1,-0.027,-0.063,-0.058,-0.067,
2,-0.03,-0.062,-0.058,-0.067,
3,-0.045,-0.062,-0.058,-0.067,
4,-0.173,-0.062,-0.057,-0.066,
5,-0.084,-0.062,-0.057,-0.066,
6,-0.105,-0.061,-0.057,-0.066,
7,-0.094,-0.061,-0.057,-0.066,
8,-0.073,-0.061,-0.056,-0.065,
9,-0.07,-0.061,-0.056,-0.065,
10,-0.063,-0.06,-0.056,-0.065,
11,-0.039,-0.06,-0.056,-0.065,
12,-0.086,-0.06,-0.055,-0.064,
1,-0.064,-0.06,-0.055,-0.064,
2,-0.052,-0.059,-0.055,-0.064,
3,-0.085,-0.059,-0.055,-0.064,
4,-0.06,-0.059,-0.054,-0.063,
5,-0.078,-0.059,-0.054,-0.063,
6,-0.072,-0.058,-0.054,-0.063,
7,-0.079,-0.058,-0.054,-0.063,
8,-0.1,-0.058,-0.053,-0.062,
9,-0.11,-0.058,-0.053,-0.062,
10,-0.072,-0.057,-0.053,-0.062,
11,-0.057,-0.057,-0.053,-0.062,
12,-0.052,-0.057,-0.053,-0.061,
1,0.031,-0.057,-0.052,-0.061,
2,-0.039,-0.057,-0.052,-0.061,
3,-0.042,-0.056,-0.052,-0.061,
4,-0.066,-0.056,-0.052,-0.061,
5,-0.09,-0.056,-0.051,-0.06,
6,-0.096,-0.056,-0.051,-0.06,
7,-0.039,-0.055,-0.051,-0.06,
8,-0.073,-0.055,-0.051,-0.06,
9,-0.03,-0.055,-0.05,-0.059,
10,-0.124,-0.055,-0.05,-0.059,
11,-0.099,-0.054,-0.05,-0.059,
12,-0.08,-0.054,-0.05,-0.059,
1,-0.018,-0.054,-0.049,-0.058,
2,-0.07,-0.054,-0.049,-0.058,
3,-0.063,-0.053,-0.049,-0.058,
4,0.001,-0.053,-0.049,-0.058,
5,0.004,-0.053,-0.048,-0.057,
6,-0.063,-0.053,-0.048,-0.057,
7,-0.049,-0.052,-0.048,-0.057,
8,-0.07,-0.052,-0.048,-0.057,
9,-0.058,-0.052,-0.047,-0.056,
10,-0.102,-0.052,-0.047,-0.056,
11,-0.087,-0.051,-0.047,-0.056,
12,-0.013,-0.051,-0.047,-0.056,
1,-0.113,-0.051,-0.046,-0.055,
2,-0.046,-0.051,-0.046,-0.055,
3,-0.051,-0.05,-0.046,-0.055,
4,-0.087,-0.05,-0.046,-0.055,
5,-0.026,-0.05,-0.045,-0.054,
6,-0.008,-0.05,-0.045,-0.054,
7,-0.067,-0.049,-0.045,-0.054,
8,-0.07,-0.049,-0.045,-0.054,
9,-0.07,-0.049,-0.045,-0.053,
10,-0.09,-0.049,-0.044,-0.053,
11,0.01,-0.048,-0.044,-0.053,
12,-0.049,-0.048,-0.044,-0.053,
1,-0.119,-0.048,-0.044,-0.052,
2,0.061,-0.048,-0.043,-0.052,
3,-0.003,-0.047,-0.043,-0.052,
4,-0.075,-0.047,-0.043,-0.052,
5,-0.093,-0.047,-0.043,-0.051,
6,-0.063,-0.047,-0.042,-0.051,
7,-0.039,-0.046,-0.042,-0.051,
8,-0.03,-0.046,-0.042,-0.051,
9,0.012,-0.046,-0.042,-0.05,
10,0.047,-0.046,-0.041,-0.05,
11,0.099,-0.046,-0.041,-0.05,
12,0.073,-0.045,-0.041,-0.05,
1,0.012,-0.045,-0.041,-0.049,
2,-0.027,-0.045,-0.04,-0.049,
3,-0.033,-0.045,-0.04,-0.049,
4,-0.03,-0.044,-0.04,-0.049,
5,-0.096,-0.044,-0.04,-0.048,
6,-0.066,-0.044,-0.039,-0.048,
7,-0.076,-0.044,-0.039,-0.048,
8,-0.033,-0.043,-0.039,-0.048,
9,-0.052,-0.043,-0.039,-0.047,
10,-0.072,-0.043,-0.038,-0.047,
11,0.022,-0.043,-0.038,-0.047,
12,0.079,-0.042,-0.038,-0.047,
1,-0.003,-0.042,-0.038,-0.046,
2,-0.021,-0.042,-0.037,-0.046,
3,0.005,-0.042,-0.037,-0.046,
4,0.004,-0.041,-0.037,-0.046,
5,-0.002,-0.041,-0.037,-0.045,
6,-0.044,-0.041,-0.036,-0.045,
7,-0.073,-0.041,-0.036,-0.045,
8,-0.07,-0.04,-0.036,-0.045,
9,-0.055,-0.04,-0.036,-0.045,
10,0.004,-0.04,-0.035,-0.044,
11,0.075,-0.04,-0.035,-0.044,
12,-0.022,-0.039,-0.035,-0.044,
1,-0.052,-0.039,-0.035,-0.044,
2,-0.0,-0.039,-0.035,-0.043,
3,0.035,-0.039,-0.034,-0.043,
4,0.019,-0.038,-0.034,-0.043,
5,0.019,-0.038,-0.034,-0.043,
6,0.017,-0.038,-0.034,-0.042,
7,-0.012,-0.038,-0.033,-0.042,
8,-0.039,-0.037,-0.033,-0.042,
9,0.006,-0.037,-0.033,-0.042,
10,-0.05,-0.037,-0.033,-0.041,
11,0.056,-0.037,-0.032,-0.041,
12,0.045,-0.036,-0.032,-0.041,
1,0.025,-0.036,-0.032,-0.041,
2,0.025,-0.036,-0.032,-0.04,
3,0.05,-0.036,-0.031,-0.04,
4,0.037,-0.035,-0.031,-0.04,
5,0.016,-0.035,-0.031,-0.04,
6,-0.032,-0.035,-0.031,-0.039,
7,0.028,-0.035,-0.03,-0.039,
8,0.025,-0.034,-0.03,-0.039,
9,-0.012,-0.034,-0.03,-0.039,
10,-0.047,-0.034,-0.03,-0.038,
11,-0.066,-0.034,-0.029,-0.038,
12,-0.028,-0.034,-0.029,-0.038,
1,-0.021,-0.033,-0.029,-0.038,
2,-0.015,-0.033,-0.029,-0.037,
3,-0.073,-0.033,-0.028,-0.037,
4,-0.033,-0.033,-0.028,-0.037,
5,-0.02,-0.032,-0.028,-0.037,
6,-0.029,-0.032,-0.028,-0.036,
7,-0.003,-0.032,-0.027,-0.036,
8,-0.067,-0.032,-0.027,-0.036,
9,-0.003,-0.031,-0.027,-0.036,
10,-0.124,-0.031,-0.027,-0.035,
11,-0.017,-0.031,-0.026,-0.035,
12,-0.007,-0.031,-0.026,-0.035,
1,-0.049,-0.03,-0.026,-0.035,
2,-0.03,-0.03,-0.026,-0.034,
3,-0.045,-0.03,-0.025,-0.034,
4,-0.023,-0.03,-0.025,-0.034,
5,-0.032,-0.029,-0.025,-0.034,
6,-0.017,-0.029,-0.025,-0.034,
7,-0.033,-0.029,-0.024,-0.033,
8,-0.006,-0.029,-0.024,-0.033,
9,-0.043,-0.028,-0.024,-0.033,
10,0.01,-0.028,-0.024,-0.033,
11,0.004,-0.028,-0.023,-0.032,
12,-0.013,-0.028,-0.023,-0.032,
1,-0.03,-0.027,-0.023,-0.032,
2,-0.07,-0.027,-0.023,-0.032,
3,-0.048,-0.027,-0.022,-0.031,
4,-0.023,-0.027,-0.022,-0.031,
5,-0.081,-0.026,-0.022,-0.031,
6,-0.093,-0.026,-0.022,-0.031,
7,-0.009,-0.026,-0.022,-0.03,
8,-0.009,-0.026,-0.021,-0.03,
9,-0.024,-0.025,-0.021,-0.03,
10,-0.063,-0.025,-0.021,-0.03,
11,-0.096,-0.025,-0.021,-0.029,
12,-0.156,-0.025,-0.02,-0.029,
1,-0.082,-0.024,-0.02,-0.029,
2,-0.079,-0.024,-0.02,-0.029,
3,-0.063,-0.024,-0.02,-0.028,
4,-0.109,-0.024,-0.019,-0.028,
5,-0.023,-0.023,-0.019,-0.028,
6,0.014,-0.023,-0.019,-0.028,
7,-0.064,-0.023,-0.019,-0.027,
8,-0.055,-0.023,-0.018,-0.027,
9,0.028,-0.023,-0.018,-0.027,
10,0.001,-0.022,-0.018,-0.027,
11,-0.017,-0.022,-0.018,-0.026,
12,0.054,-0.022,-0.017,-0.026,
1,0.003,-0.022,-0.017,-0.026,
2,0.107,-0.021,-0.017,-0.026,
3,-0.057,-0.021,-0.017,-0.025,
4,0.007,-0.021,-0.016,-0.025,
5,-0.02,-0.021,-0.016,-0.025,
6,-0.066,-0.02,-0.016,-0.025,
7,-0.052,-0.02,-0.016,-0.025,
8,-0.034,-0.02,-0.015,-0.024,
9,-0.021,-0.02,-0.015,-0.024,
10,-0.059,-0.019,-0.015,-0.024,
11,-0.038,-0.019,-0.015,-0.024,
12,-0.043,-0.019,-0.014,-0.023,
1,0.052,-0.019,-0.014,-0.023,
2,-0.052,-0.018,-0.014,-0.023,
3,-0.124,-0.018,-0.014,-0.023,
4,-0.03,-0.018,-0.013,-0.022,
5,-0.048,-0.018,-0.013,-0.022,
6,-0.075,-0.017,-0.013,-0.022,
7,-0.057,-0.017,-0.013,-0.022,
8,-0.023,-0.017,-0.012,-0.021,
9,-0.072,-0.017,-0.012,-0.021,
10,-0.05,-0.016,-0.012,-0.021,
11,-0.105,-0.016,-0.012,-0.021,
12,-0.096,-0.016,-0.011,-0.02,
1,-0.076,-0.016,-0.011,-0.02,
2,-0.033,-0.015,-0.011,-0.02,
3,-0.097,-0.015,-0.011,-0.02,
4,-0.044,-0.015,-0.01,-0.019,
5,0.003,-0.015,-0.01,-0.019,
6,-0.045,-0.014,-0.01,-0.019,
7,-0.049,-0.014,-0.01,-0.019,
8,-0.051,-0.014,-0.009,-0.018,
9,-0.069,-0.014,-0.009,-0.018,
10,-0.047,-0.013,-0.009,-0.018,
11,-0.048,-0.013,-0.009,-0.018,
12,-0.119,-0.013,-0.008,-0.018,
1,-0.125,-0.013,-0.008,-0.017,
2,-0.116,-0.012,-0.008,-0.017,
3,0.017,-0.012,-0.008,-0.017,
4,-0.115,-0.012,-0.007,-0.017,
5,-0.032,-0.012,-0.007,-0.016,
6,-0.038,-0.011,-0.007,-0.016,
7,-0.03,-0.011,-0.007,-0.016,
8,-0.018,-0.011,-0.006,-0.016,
9,0.018,-0.011,-0.006,-0.015,
10,-0.075,-0.011,-0.006,-0.015,
11,0.013,-0.01,-0.006,-0.015,
12,0.03,-0.01,-0.005,-0.015,
1,-0.07,-0.01,-0.005,-0.014,
2,-0.079,-0.01,-0.005,-0.014,
3,-0.1,-0.009,-0.005,-0.014,
4,-0.124,-0.009,-0.004,-0.014,
5,-0.06,-0.009,-0.004,-0.013,
6,0.056,-0.009,-0.004,-0.013,
7,-0.043,-0.008,-0.004,-0.013,
8,-0.058,-0.008,-0.003,-0.013,
9,-0.055,-0.008,-0.003,-0.012,
10,0.017,-0.008,-0.003,-0.012,
11,-0.112,-0.007,-0.003,-0.012,
12,-0.034,-0.007,-0.002,-0.012,
1,-0.024,-0.007,-0.002,-0.011,
2,0.07,-0.007,-0.002,-0.011,
3,0.099,-0.006,-0.002,-0.011,
4,0.068,-0.006,-0.001,-0.011,
5,-0.008,-0.006,-0.001,-0.011,
6,-0.023,-0.006,-0.001,-0.01,
7,0.015,-0.005,-0.001,-0.01,
8,0.009,-0.005,-0.0,-0.01,
9,-0.015,-0.005,-0.0,-0.01,
10,0.01,-0.005,0.0,-0.009,
11,0.08,-0.004,0.0,-0.009,
12,0.003,-0.004,0.001,-0.009,
1,-0.042,-0.004,0.001,-0.009,
2,0.006,-0.004,0.001,-0.008,
3,0.047,-0.003,0.001,-0.008,
4,0.105,-0.003,0.002,-0.008,
5,-0.008,-0.003,0.002,-0.008,
6,0.011,-0.003,0.002,-0.007,
7,-0.027,-0.002,0.002,-0.007,
8,0.018,-0.002,0.003,-0.007,
9,-0.07,-0.002,0.003,-0.007,
10,-0.023,-0.002,0.003,-0.006,
11,-0.008,-0.001,0.003,-0.006,
12,-0.028,-0.001,0.004,-0.006,
1,0.031,-0.001,0.004,-0.006,
2,-0.012,-0.001,0.004,-0.005,
3,-0.051,-0.0,0.004,-0.005,
4,-0.042,-0.0,0.005,-0.005,
5,0.022,0.0,0.005,-0.005,
6,-0.017,0.0,0.005,-0.005,
7,-0.015,0.0,0.005,-0.004,
8,-0.003,0.001,0.006,-0.004,
9,0.003,0.001,0.006,-0.004,
10,-0.054,0.001,0.006,-0.004,
11,0.038,0.001,0.006,-0.003,
12,0.009,0.002,0.007,-0.003,
1,-0.082,0.002,0.007,-0.003,
2,0.022,0.002,0.007,-0.003,
3,-0.085,0.002,0.007,-0.002,
4,0.044,0.003,0.008,-0.002,
5,0.022,0.003,0.008,-0.002,
6,-0.029,0.003,0.008,-0.002,
7,0.012,0.003,0.008,-0.001,
8,-0.033,0.004,0.009,-0.001,
9,-0.049,0.004,0.009,-0.001,
10,-0.017,0.004,0.009,-0.001,
11,-0.072,0.004,0.009,-0.0,
12,-0.043,0.005,0.01,-0.0,
1,0.061,0.005,0.01,0.0,
2,-0.049,0.005,0.01,0.0,
3,0.038,0.005,0.01,0.001,
4,0.062,0.006,0.011,0.001,
5,-0.048,0.006,0.011,0.001,
6,-0.029,0.006,0.011,0.001,
7,-0.003,0.006,0.011,0.001,
8,-0.018,0.007,0.012,0.002,
9,-0.024,0.007,0.012,0.002,
10,-0.057,0.007,0.012,0.002,
11,-0.069,0.007,0.012,0.002,
12,0.039,0.008,0.013,0.003,
1,-0.116,0.008,0.013,0.003,
2,-0.052,0.008,0.013,0.003,
3,-0.076,0.008,0.013,0.003,
4,0.071,0.009,0.014,0.004,
5,-0.026,0.009,0.014,0.004,
6,-0.005,0.009,0.014,0.004,
7,-0.058,0.009,0.014,0.004,
8,-0.033,0.01,0.015,0.005,
9,-0.067,0.01,0.015,0.005,
10,-0.026,0.01,0.015,0.005,
11,-0.045,0.01,0.015,0.005,
12,-0.046,0.011,0.016,0.006,
1,-0.049,0.011,0.016,0.006,
2,-0.073,0.011,0.016,0.006,
3,-0.1,0.011,0.016,0.006,
4,-0.075,0.012,0.017,0.006,
5,-0.035,0.012,0.017,0.007,
6,-0.011,0.012,0.017,0.007,
7,-0.021,0.012,0.017,0.007,
8,-0.003,0.012,0.018,0.007,
9,-0.043,0.013,0.018,0.008,
10,-0.038,0.013,0.018,0.008,
11,-0.032,0.013,0.018,0.008,
12,-0.089,0.013,0.019,0.008,
1,-0.064,0.014,0.019,0.009,
2,-0.058,0.014,0.019,0.009,
3,-0.134,0.014,0.019,0.009,
4,-0.106,0.014,0.02,0.009,
5,0.007,0.015,0.02,0.01,
6,-0.014,0.015,0.02,0.01,
7,-0.039,0.015,0.02,0.01,
8,0.012,0.015,0.021,0.01,
9,0.003,0.016,0.021,0.011,
10,-0.02,0.016,0.021,0.011,
11,0.004,0.016,0.021,0.011,
12,-0.055,0.016,0.022,0.011,
1,-0.018,0.017,0.022,0.012,
2,-0.033,0.017,0.022,0.012,
3,0.066,0.017,0.022,0.012,
4,-0.002,0.017,0.023,0.012,
5,-0.02,0.018,0.023,0.012,
6,0.02,0.018,0.023,0.013,
7,-0.003,0.018,0.023,0.013,
8,-0.0,0.018,0.024,0.013,
9,-0.027,0.019,0.024,0.013,
10,0.026,0.019,0.024,0.014,
11,0.01,0.019,0.024,0.014,
12,-0.007,0.019,0.025,0.014,
1,0.028,0.02,0.025,0.014,
2,0.037,0.02,0.025,0.015,
3,-0.003,0.02,0.025,0.015,
4,0.001,0.02,0.026,0.015,
5,-0.026,0.021,0.026,0.015,
6,0.026,0.021,0.026,0.016,
7,-0.0,0.021,0.026,0.016,
8,-0.021,0.021,0.027,0.016,
9,-0.064,0.022,0.027,0.016,
10,-0.035,0.022,0.027,0.016,
11,-0.035,0.022,0.027,0.017,
12,0.039,0.022,0.028,0.017,
1,-0.015,0.023,0.028,0.017,
2,0.064,0.023,0.028,0.017,
3,-0.02,0.023,0.028,0.018,
4,0.083,0.023,0.029,0.018,
5,0.05,0.023,0.029,0.018,
6,0.001,0.024,0.029,0.018,
7,0.024,0.024,0.029,0.019,
8,0.003,0.024,0.03,0.019,
9,-0.003,0.024,0.03,0.019,
10,-0.035,0.025,0.03,0.019,
11,-0.072,0.025,0.03,0.02,
12,0.033,0.025,0.031,0.02,
1,-0.113,0.025,0.031,0.02,
2,-0.062,0.026,0.031,0.02,
3,-0.011,0.026,0.031,0.021,
4,-0.115,0.026,0.032,0.021,
5,0.019,0.026,0.032,0.021,
6,-0.076,0.027,0.032,0.021,
7,-0.017,0.027,0.032,0.021,
8,-0.03,0.027,0.033,0.022,
9,0.017,0.027,0.033,0.022,
10,-0.034,0.028,0.033,0.022,
11,-0.096,0.028,0.033,0.022,
12,-0.021,0.028,0.034,0.023,
1,-0.02,0.028,0.034,0.023,
2,-0.034,0.029,0.034,0.023,
3,-0.025,0.029,0.034,0.023,
4,-0.058,0.029,0.035,0.024,
5,0.022,0.029,0.035,0.024,
6,-0.063,0.03,0.035,0.024,
7,-0.013,0.03,0.035,0.024,
8,0.023,0.03,0.036,0.025,
9,-0.0,0.03,0.036,0.025,
10,0.012,0.031,0.036,0.025,
11,0.049,0.031,0.036,0.025,
12,0.067,0.031,0.037,0.026,
1,0.085,0.031,0.037,0.026,
2,0.038,0.032,0.037,0.026,
3,-0.005,0.032,0.037,0.026,
4,0.072,0.032,0.038,0.026,
5,0.015,0.032,0.038,0.027,
6,-0.009,0.033,0.038,0.027,
7,0.034,0.033,0.038,0.027,
8,0.007,0.033,0.039,0.027,
9,0.153,0.033,0.039,0.028,
10,0.1,0.034,0.039,0.028,
11,0.061,0.034,0.039,0.028,
12,0.101,0.034,0.04,0.028,
1,0.048,0.034,0.04,0.029,
2,0.017,0.035,0.04,0.029,
3,0.02,0.035,0.04,0.029,
4,0.125,0.035,0.041,0.029,
5,0.008,0.035,0.041,0.03,
6,0.04,0.035,0.041,0.03,
7,0.009,0.036,0.041,0.03,
8,0.03,0.036,0.042,0.03,
9,0.033,0.036,0.042,0.031,
10,0.028,0.036,0.042,0.031,
11,0.084,0.037,0.042,0.031,
12,0.066,0.037,0.043,0.031,
1,0.126,0.037,0.043,0.031,
2,0.196,0.037,0.043,0.032,
3,0.086,0.038,0.043,0.032,
4,0.114,0.038,0.044,0.032,
5,0.12,0.038,0.044,0.032,
6,0.07,0.038,0.044,0.033,
7,0.057,0.039,0.044,0.033,
8,-0.008,0.039,0.045,0.033,
9,0.049,0.039,0.045,0.033,
10,-0.016,0.039,0.045,0.034,
11,-0.024,0.04,0.045,0.034,
12,-0.023,0.04,0.046,0.034,
1,-0.036,0.04,0.046,0.034,
2,0.082,0.04,0.046,0.035,
3,0.024,0.041,0.046,0.035,
4,0.055,0.041,0.047,0.035,
5,0.01,0.041,0.047,0.035,
6,-0.032,0.041,0.047,0.035,
7,0.03,0.042,0.047,0.036,
8,0.046,0.042,0.048,0.036,
9,0.03,0.042,0.048,0.036,
10,-0.022,0.042,0.048,0.036,
11,-0.043,0.043,0.049,0.037,
12,-0.008,0.043,0.049,0.037,
1,0.003,0.043,0.049,0.037,
2,-0.083,0.043,0.049,0.037,
3,0.034,0.044,0.05,0.038,
4,0.029,0.044,0.05,0.038,
5,0.065,0.044,0.05,0.038,
6,0.026,0.044,0.05,0.038,
7,0.066,0.045,0.051,0.039,
8,0.041,0.045,0.051,0.039,
9,0.005,0.045,0.051,0.039,
10,-0.034,0.045,0.051,0.039,
11,0.059,0.046,0.052,0.039,
12,-0.068,0.046,0.052,0.04,
1,0.028,0.046,0.052,0.04,
2,-0.067,0.046,0.052,0.04,
3,0.07,0.046,0.053,0.04,
4,-0.011,0.047,0.053,0.041,
5,0.007,0.047,0.053,0.041,
6,-0.016,0.047,0.053,0.041,
7,0.008,0.047,0.054,0.041,
8,0.008,0.048,0.054,0.042,
9,0.038,0.048,0.054,0.042,
10,0.005,0.048,0.054,0.042,
11,-0.024,0.048,0.055,0.042,
12,0.041,0.049,0.055,0.043,
1,0.004,0.049,0.055,0.043,
2,0.058,0.049,0.055,0.043,
3,-0.09,0.049,0.056,0.043,
4,-0.056,0.05,0.056,0.044,
5,-0.02,0.05,0.056,0.044,
6,-0.005,0.05,0.056,0.044,
7,0.019,0.05,0.057,0.044,
8,0.027,0.051,0.057,0.044,
9,0.044,0.051,0.057,0.045,
10,0.03,0.051,0.057,0.045,
11,0.025,0.051,0.058,0.045,
12,0.052,0.052,0.058,0.045,
1,0.038,0.052,0.058,0.046,
2,-0.08,0.052,0.058,0.046,
3,-0.003,0.052,0.059,0.046,
4,0.023,0.053,0.059,0.046,
5,0.047,0.053,0.059,0.047,
6,0.063,0.053,0.059,0.047,
7,0.046,0.053,0.06,0.047,
8,0.05,0.054,0.06,0.047,
9,0.058,0.054,0.06,0.048,
10,0.013,0.054,0.06,0.048,
11,0.016,0.054,0.061,0.048,
12,0.069,0.055,0.061,0.048,
1,0.004,0.055,0.061,0.048,
2,-0.034,0.055,0.061,0.049,
3,-0.018,0.055,0.062,0.049,
4,0.014,0.056,0.062,0.049,
5,-0.001,0.056,0.062,0.049,
6,0.027,0.056,0.062,0.05,
7,0.044,0.056,0.063,0.05,
8,0.026,0.057,0.063,0.05,
9,0.05,0.057,0.063,0.05,
10,0.126,0.057,0.063,0.051,
11,0.054,0.057,0.064,0.051,
12,0.066,0.058,0.064,0.051,
1,0.081,0.058,0.064,0.051,
2,0.085,0.058,0.064,0.052,
3,0.117,0.058,0.065,0.052,
4,0.131,0.058,0.065,0.052,
5,0.177,0.059,0.065,0.052,
6,0.091,0.059,0.065,0.052,
7,0.091,0.059,0.066,0.053,
8,0.062,0.059,0.066,0.053,
9,0.042,0.06,0.066,0.053,
10,0.106,0.06,0.066,0.053,
11,0.044,0.06,0.067,0.054,
12,0.04,0.06,0.067,0.054,
1,0.088,0.061,0.067,0.054,
2,0.064,0.061,0.068,0.054,
3,0.049,0.061,0.068,0.055,
4,0.028,0.061,0.068,0.055,
5,0.134,0.062,0.068,0.055,
6,0.098,0.062,0.069,0.055,
7,0.051,0.062,0.069,0.056,
8,0.079,0.062,0.069,0.056,
9,0.105,0.063,0.069,0.056,
10,0.087,0.063,0.07,0.056,
11,0.074,0.063,0.07,0.056,
12,0.013,0.063,0.07,0.057,
1,0.034,0.064,0.07,0.057,
2,-0.028,0.064,0.071,0.057,
3,-0.064,0.064,0.071,0.057,
4,0.102,0.064,0.071,0.058,
5,0.028,0.065,0.071,0.058,
6,0.107,0.065,0.072,0.058,
7,0.069,0.065,0.072,0.058,
8,0.062,0.065,0.072,0.059,
9,0.026,0.066,0.072,0.059,
10,0.068,0.066,0.073,0.059,
11,0.024,0.066,0.073,0.059,
12,0.011,0.066,0.073,0.06,
1,0.039,0.067,0.073,0.06,
2,0.03,0.067,0.074,0.06,
3,0.025,0.067,0.074,0.06,
4,0.017,0.067,0.074,0.06,
5,0.14,0.068,0.074,0.061,
6,0.068,0.068,0.075,0.061,
7,0.057,0.068,0.075,0.061,
8,0.097,0.068,0.075,0.061,
9,0.062,0.069,0.075,0.062,
10,0.086,0.069,0.076,0.062,
11,0.061,0.069,0.076,0.062,
12,0.006,0.069,0.076,0.062,
1,0.038,0.069,0.076,0.063,
2,0.084,0.07,0.077,0.063,
3,0.04,0.07,0.077,0.063,
4,0.058,0.07,0.077,0.063,
5,0.034,0.07,0.077,0.064,
6,0.153,0.071,0.078,0.064,
7,0.152,0.071,0.078,0.064,
10,0.138,0.072,0.079,0.065,
11,0.115,0.072,0.079,0.065,
12,0.121,0.072,0.079,0.065,
1,0.187,0.072,0.079,0.065,
2,0.239,0.073,0.08,0.066,
3,0.28,0.073,0.08,0.066,
4,0.167,0.073,0.08,0.066,
5,0.109,0.073,0.08,0.066,
6,0.12,0.074,0.081,0.067,
7,0.104,0.074,0.081,0.067,
8,0.105,0.074,0.081,0.067,
9,0.12,0.074,0.081,0.067,
10,0.123,0.075,0.082,0.068,
11,0.124,0.075,0.082,0.068,
12,0.194,0.075,0.082,0.068,
1,0.137,0.075,0.082,0.068,
2,0.107,0.076,0.083,0.068,
3,0.069,0.076,0.083,0.069,
4,0.089,0.076,0.083,0.069,
5,0.161,0.076,0.084,0.069,
6,0.158,0.077,0.084,0.069,
7,0.139,0.077,0.084,0.07,
8,0.158,0.077,0.084,0.07,
9,0.106,0.077,0.085,0.07,
10,0.162,0.078,0.085,0.07,
11,0.06,0.078,0.085,0.071,
12,0.058,0.078,0.085,0.071,
1,0.053,0.078,0.086,0.071,
2,0.058,0.079,0.086,0.071,
3,0.058,0.079,0.086,0.072,
4,0.12,0.079,0.086,0.072,
5,0.065,0.079,0.087,0.072,
6,0.168,0.08,0.087,0.072,
7,0.111,0.08,0.087,0.072,
8,0.099,0.08,0.087,0.073,
9,0.062,0.08,0.088,0.073,
10,0.126,0.081,0.088,0.073,
11,0.104,0.081,0.088,0.073,
12,0.163,0.081,0.088,0.074,
1,0.03,0.081,0.089,0.074,
2,0.088,0.081,0.089,0.074,
3,0.22,0.082,0.089,0.074,
4,0.054,0.082,0.089,0.075,
5,0.06,0.082,0.09,0.075,
6,0.114,0.082,0.09,0.075,
7,0.14,0.083,0.09,0.075,
8,0.113,0.083,0.09,0.076,
9,0.106,0.083,0.091,0.076,
10,0.094,0.083,0.091,0.076,
11,0.011,0.084,0.091,0.076,
12,0.05,0.084,0.091,0.076,
1,0.058,0.084,0.092,0.077,
2,0.023,0.084,0.092,0.077,
3,0.049,0.085,0.092,0.077,
4,0.084,0.085,0.092,0.077,
5,0.124,0.085,0.093,0.078,
6,0.108,0.085,0.093,0.078,
7,0.084,0.086,0.093,0.078,
8,0.111,0.086,0.093,0.078,
9,0.086,0.086,0.094,0.079,
10,0.167,0.086,0.094,0.079,
11,0.082,0.087,0.094,0.079,
12,0.119,0.087,0.094,0.079,
1,0.045,0.087,0.095,0.08,
2,0.051,0.087,0.095,0.08,
3,-0.045,0.088,0.095,0.08,
4,0.04,0.088,0.095,0.08,
5,-0.002,0.088,0.096,0.08,
6,0.059,0.088,0.096,0.081,
7,0.141,0.089,0.096,0.081,
8,0.108,0.089,0.096,0.081,
9,0.103,0.089,0.097,0.081,
10,0.111,0.089,0.097,0.082,
11,0.038,0.09,0.097,0.082,
12,0.095,0.09,0.098,0.082,
1,0.141,0.09,0.098,0.082,
2,0.102,0.09,0.098,0.083,
3,0.093,0.091,0.098,0.083,
4,0.103,0.091,0.099,0.083,
5,0.087,0.091,0.099,0.083,
6,0.098,0.091,0.099,0.083,
7,0.101,0.092,0.099,0.084,
8,0.072,0.092,0.1,0.084,
9,0.104,0.092,0.1,0.084,
10,0.118,0.092,0.1,0.084,
11,0.099,0.092,0.1,0.085,
12,0.083,0.093,0.101,0.085,
1,0.11,0.093,0.101,0.085,
2,0.136,0.093,0.101,0.085,
3,0.023,0.093,0.101,0.086,
4,0.142,0.094,0.102,0.086,
5,0.189,0.094,0.102,0.086,
6,0.122,0.094,0.102,0.086,
8,0.101,0.095,0.103,0.087,
9,0.141,0.095,0.103,0.087,
10,0.081,0.095,0.103,0.087,
11,0.093,0.095,0.103,0.087,
12,0.043,0.096,0.104,0.088,
1,0.021,0.096,0.104,0.088,
2,0.011,0.096,0.104,0.088,
3,0.286,0.096,0.104,0.088,
4,0.093,0.097,0.105,0.089,
5,0.086,0.097,0.105,0.089,
6,0.13,0.097,0.105,0.089,
7,0.078,0.097,0.105,0.089,
8,0.136,0.098,0.106,0.09,
9,0.143,0.098,0.106,0.09,
10,0.131,0.098,0.106,0.09,
11,0.106,0.098,0.106,0.09,
12,0.13,0.099,0.107,0.091,
1,0.134,0.099,0.107,0.091,
2,0.051,0.099,0.107,0.091,
3,0.085,0.099,0.107,0.091,
4,0.084,0.1,0.108,0.091,
5,0.161,0.1,0.108,0.092,
6,0.143,0.1,0.108,0.092,
7,0.159,0.1,0.108,0.092,
8,0.14,0.101,0.109,0.092,
9,0.124,0.101,0.109,0.093,
10,0.2,0.101,0.109,0.093,
11,0.137,0.101,0.109,0.093,
12,0.146,0.102,0.11,0.093,
1,0.157,0.102,0.11,0.094,
2,0.117,0.102,0.11,0.094,
3,0.139,0.102,0.111,0.094,
4,0.215,0.103,0.111,0.094,
5,0.067,0.103,0.111,0.095,
6,0.109,0.103,0.111,0.095,
7,0.154,0.103,0.112,0.095,
8,0.133,0.104,0.112,0.095,
9,0.103,0.104,0.112,0.095,
10,0.086,0.104,0.112,0.096,
11,0.06,0.104,0.113,0.096,
12,0.147,0.104,0.113,0.096,
1,0.212,0.105,0.113,0.096,
2,0.15,0.105,0.113,0.097,
3,0.019,0.105,0.114,0.097,
4,0.144,0.105,0.114,0.097,
5,0.057,0.106,0.114,0.097,
6,0.064,0.106,0.114,0.098,
7,0.156,0.106,0.115,0.098,
8,0.142,0.106,0.115,0.098,
9,0.146,0.107,0.115,0.098,
10,0.238,0.107,0.115,0.098,
11,0.125,0.107,0.116,0.099,
12,0.104,0.107,0.116,0.099,
1,0.13,0.108,0.116,0.099,
2,0.001,0.108,0.116,0.099,
3,0.066,0.108,0.117,0.1,
4,0.091,0.108,0.117,0.1,
5,0.128,0.109,0.117,0.1,
6,0.127,0.109,0.117,0.1,
7,0.106,0.109,0.118,0.101,
8,0.124,0.109,0.118,0.101,
9,0.15,0.11,0.118,0.101,
10,0.125,0.11,0.118,0.101,
11,0.078,0.11,0.119,0.102,
12,0.16,0.11,0.119,0.102,
1,0.218,0.111,0.119,0.102,
2,0.147,0.111,0.119,0.102,
3,0.254,0.111,0.12,0.102,
4,0.168,0.111,0.12,0.103,
5,0.154,0.112,0.12,0.103,
6,0.212,0.112,0.12,0.103,
7,0.186,0.112,0.121,0.103,
8,0.164,0.112,0.121,0.104,
9,0.18,0.113,0.121,0.104,
10,0.24,0.113,0.121,0.104,
11,0.186,0.113,0.122,0.104,
12,0.204,0.113,0.122,0.105,
1,0.28,0.114,0.122,0.105,
2,0.274,0.114,0.123,0.105,
3,0.201,0.114,0.123,0.105,
4,0.244,0.114,0.123,0.106,
5,0.2,0.115,0.123,0.106,
6,0.124,0.115,0.124,0.106,
7,0.109,0.115,0.124,0.106,
